{
  "dataset_mean": [
    0.7581730920941053,
    0.5249014107600518,
    0.545720235198279
  ],
  "dataset_std": [
    0.13993161144223643,
    0.16343857485972502,
    0.18222082999645317
  ],
  "imagenet_mean": [
    0.48500001430511475,
    0.4560000002384186,
    0.4059999883174896
  ],
  "imagenet_std": [
    0.2290000021457672,
    0.2240000069141388,
    0.22499999403953552
  ]
}